{
  "Total" : {
    "transaction" : "Total",
    "sampleCount" : 3,
    "errorCount" : 0,
    "errorPct" : 0.0,
    "meanResTime" : 554.3333333333334,
    "medianResTime" : 516.0,
    "minResTime" : 423.0,
    "maxResTime" : 724.0,
    "pct1ResTime" : 724.0,
    "pct2ResTime" : 724.0,
    "pct3ResTime" : 724.0,
    "throughput" : 0.819448238186288,
    "receivedKBytesPerSec" : 41.62460948169899,
    "sentKBytesPerSec" : 0.09282812073204043
  },
  "HTTP Request" : {
    "transaction" : "HTTP Request",
    "sampleCount" : 3,
    "errorCount" : 0,
    "errorPct" : 0.0,
    "meanResTime" : 554.3333333333334,
    "medianResTime" : 516.0,
    "minResTime" : 423.0,
    "maxResTime" : 724.0,
    "pct1ResTime" : 724.0,
    "pct2ResTime" : 724.0,
    "pct3ResTime" : 724.0,
    "throughput" : 0.819448238186288,
    "receivedKBytesPerSec" : 41.62460948169899,
    "sentKBytesPerSec" : 0.09282812073204043
  }
}